DRUG ENCODING:,ESPF,TARGET ENCODING:,Conjoint_triad,train r2:,0.7265354465973093,test r2:,0.5964549734568392,val r2:,0.5969585814335632
DRUG ENCODING:,ESPF,TARGET ENCODING:,ESPF,train r2:,0.7562910584778543,test r2:,0.613042329567765,val r2:,0.6144973137497158
DRUG ENCODING:,Morgan,TARGET ENCODING:,Conjoint_triad,train r2:,0.7778739729916975,test r2:,0.6521519041750079,val r2:,0.6516339809855596
DRUG ENCODING:,Morgan,TARGET ENCODING:,ESPF,train r2:,0.8009347447440898,test r2:,0.6868602146959635,val r2:,0.6847288185019902
DRUG ENCODING:,ErG,TARGET ENCODING:,Conjoint_triad,train r2:,0.5246705404520066,test r2:,0.48843713026884994,val r2:,0.4899867506024781
DRUG ENCODING:,ErG,TARGET ENCODING:,ESPF,train r2:,0.5890865498501965,test r2:,0.54687112443661,val r2:,0.5477121287434902
DRUG ENCODING:,DGL_AttentiveFP,TARGET ENCODING:,Conjoint_triad,train r2:,0.5101111516157415,test r2:,0.49434826395167675,val r2:,0.4946608115368678
DRUG ENCODING:,DGL_AttentiveFP,TARGET ENCODING:,ESPF,train r2:,0.5298164654075337,test r2:,0.5139317858324121,val r2:,0.5121211101006816
